Grapheme	IPA	EXAMPLES	LANGUAGES	FREQUENCY	CODEPOINTS
$	NULL				$
^	NULL				^
ç	ç	a mɯ çi, bɯ çә	Kucong	22	\xe7
ü	ü	nü er32, nü hai32	Mandarin Chinese	4	\xfc
^ç	ç	çәr, çi bɯ	Kucong	29	^ \xe7
+	+	v+ ka*	Na (Lahu)	1	+
ee	eː	keelmil aol huhu, aq keel	Hani	19	e e
ii	iː	siivq, siil	Hani, Zaiwa, Sichuan Yi	9	i i
yy	yː	hapyyr, saq yyuq piul taoq	Hani, Sichuan Yi	4	y y
^ee	eː	eelju, eelniq niq	Hani	4	^ e e
^ii	iː	iie* ta*	Na (Lahu)	1	^ i i
^yy	yː	yyxiy, yyxcy	Sichuan Yi	3	^ y y
ee$	eː	kaoq baoq gee, doq hheivq gee	Hani	5	e e $
uu$	uː	auu	Kucong	1	u u $
yy$	yː	axyy, jjiyy	Sichuan Yi	4	y y $
&	<?>	d&o	Nesu	1	&
*	<?>	ka* meu* khawd, ca* ti* tu*	Na (Lahu)	36	*
-	<?>	n-gup, -ga	Jinghpaw, Kucong	6	-
.	<?>	v.55 dzv.31, pv.55	Biyo, Naxi, Baihong, Samei, Jino, Na (Lahu), Kucong, Zauzou	143	.
1	<?>	wu1 ya1, bei1 zi0	Mandarin Chinese	6	1
2	<?>	wen2 zi0, hua2 jiang3	Mandarin Chinese	4	2
3	<?>	shui3 ta3, da3 kai1	Mandarin Chinese	3	3
4	<?>	wei4 dao0, shu4 ye4	Mandarin Chinese	11	4
?	<?>	no? 21, lo? 21 ŋju_i 21	Zaiwa, Zauzou, Na (Lahu), Kucong, Nisu	38	?
ә	<?>	mә gә lә ә, çәr	Naxi, Samei, Kucong, Jino, Nusu	124	\u04d9
A	<?>	mA53 dA 21, ŋA31 nA35 pA31	Lahu Shi, Nisu, Nusu	225	A
E	<?>	dzE 33, tsE 55 lE 55	Nisu	48	E
L	<?>	dzɤ Lɤ	Samei	1	L
S	<?>	tSo	Nusu	1	S
`	<?>	ʃo` 21 ku_ 21, pjo` 21 pau 55 mji 21	Zaiwa	30	`
&h	<?>	nd&hi 21	Nesu	1	& h
*$	<?>	pheu*, peoq meof peu*	Na (Lahu)	60	* $
0$	<?>	bei1 zi0, wen2 zi0	Mandarin Chinese	5	0 $
1$	<?>	gao1, gan1	Mandarin Chinese	61	1 $
11	<?>	ɕi11 A11, sA11 bɔ54	Lahu Shi	4	1 1
13	<?>	tʂhә 13 kv33, la 13 tsu 13	Naxi	2	1 3
2$	<?>	chang2, shu2	Mandarin Chinese	50	2 $
21	<?>	ŋo 21 ne_ 21 ne_ 21, pha? 21 lap 21 kom 51	Zaiwa, Nisu, Nesu, Lahu Shi, Biyo	239	2 1
23	<?>	mbi 23 ndi31	Naxi	1	2 3
3$	<?>	jiao3, wan3	Mandarin Chinese	61	3 $
31	<?>	wo 55 dʊ31 ba31 la31, a31 jo31	Baihong, Biyo, Lahu Shi, Lisu, Zauzou, Naxi, Zaiwa	511	3 1
33	<?>	nA33 mo31 nA33 gɤ53 sɯ54, ni33 ma33 sɨ11	Lahu Shi, Naxi, Nesu, Nisu, Biyo, Zauzou, Lisu, Baihong	279	3 3
35	<?>	kæ 35 mi 35 ʑa 44, mɯ 31 lɯ 35 ku 35 dʒɪ 33	Lahu Shi, Lisu, Zauzou, Biyo	88	3 5
4$	<?>	jin4, la4	Mandarin Chinese	74	4 $
42	<?>	nɛ 42 nɛ 42, zo 31 mo 42 ʑa 44	Zauzou, Lisu	35	4 2
44	<?>	ko 44 ma 44 se 33, niɛ 55 ma 44 dʒɛ 44 dʒɛ 31	Lisu, Zauzou	69	4 4
51	<?>	vui 51 li 21 li 21, ma` khon 51 ko 51	Zaiwa	21	5 1
53	<?>	ɔ31 u53 ku33, mA53 dA 21	Lahu Shi, Biyo	32	5 3
54	<?>	sɨ54 phA 21, xɛ54 mɛ54 qu33	Lahu Shi	12	5 4
55	<?>	xa55 sa55 la55 mo55, ɲi55 tsa55 la55 kv33	Baihong, Lisu, Biyo, Nesu, Nisu, Zaiwa, Lahu Shi, Naxi, Zauzou	436	5 5
?$	<?>	ŋa55?, waw*? xaw*?	Baihong, Nusu, Na (Lahu)	6	? $
ә$	<?>	ɟә, lә	Samei, Jino, Nusu, Kucong, Naxi	96	\u04d9 $
A$	<?>	lu lA, dʐɨ ɕi lA	Nusu	2	A $
I$	<?>	a çI	Kucong	1	I $
Y$	<?>	dzY	Nusu	1	Y $
^ә	<?>	ә33 mbu31, ә tsɔ	Naxi, Kucong, Samei	4	^ \u04d9
^A	<?>	A33 pɔ55 sɨ11, A33 phAi53	Nisu, Lahu Shi, Biyo	55	^ A
^E	<?>	E31dzAŋ53, E31 kɤ33 lɤ33 mɤ31	Lahu Shi	2	^ E
^I	<?>	I 51 phe 21	Zaiwa	1	^ I
10$	<?>	ge zi10, cun zi10	Mandarin Chinese	11	1 0 $
11$	<?>	ɕi11 A11, A33 pɔ55 sɨ11	Mandarin Chinese, Lahu Shi	26	1 1 $
12$	<?>	pyao liu12, bian fu12	Mandarin Chinese	5	1 2 $
13$	<?>	qiu yin13, wu ding13	Mandarin Chinese, Naxi, Zauzou	11	1 3 $
14$	<?>	dan14, yin dao14	Mandarin Chinese	17	1 4 $
20$	<?>	chong zi20, to fa20	Mandarin Chinese	15	2 0 $
21$	<?>	no 21, mji 21	Nisu, Zaiwa, Nesu, Lahu Shi, Mandarin Chinese	493	2 1 $
22$	<?>	nan ren22, nan hai22	Mandarin Chinese	5	2 2 $
23$	<?>	tao pao23, ya chi23	Mandarin Chinese	3	2 3 $
24$	<?>	bi ti24, qiang bi24	Mandarin Chinese	12	2 4 $
30$	<?>	nü xu30, jie jie30	Mandarin Chinese	12	3 0 $
31$	<?>	mo31, sɨ31	Baihong, Biyo, Lisu, Naxi, Lahu Shi, Zauzou, Mandarin Chinese, Zaiwa	678	3 1 $
313	<?>	khA313 tɕi33, mA313 xe53	Lahu Shi	2	3 1 3
32$	<?>	nü er32, duo cang32	Mandarin Chinese	9	3 2 $
33$	<?>	ŋo 33, no 33	Nesu, Nisu, Naxi, Lisu, Biyo, Lahu Shi, Zauzou, Mandarin Chinese	680	3 3 $
331	<?>	pɤ331 ɣɔ53	Lahu Shi	1	3 3 1
34$	<?>	fu lan34, wan shang34	Mandarin Chinese	7	3 4 $
35$	<?>	bɔ35, le 35	Lahu Shi, Zauzou, Lisu, Biyo	106	3 5 $
40$	<?>	zhe li40, na li40	Mandarin Chinese	12	4 0 $
41$	<?>	mi feng41, shu pi41	Mandarin Chinese	2	4 1 $
42$	<?>	mi 42, kho 42	Zauzou, Lisu, Mandarin Chinese	78	4 2 $
43$	<?>	han shui43, chi bang43	Mandarin Chinese	3	4 3 $
44$	<?>	fu 44, ʃɨ 44	Lisu, Zauzou, Mandarin Chinese	141	4 4 $
51$	<?>	no 51, nam 51	Zaiwa	92	5 1 $
53$	<?>	mA53, mɔ53	Lahu Shi, Biyo, Zaiwa	83	5 3 $
54$	<?>	po31 mɤ31 sɯ54, ɣA54	Lahu Shi	28	5 4 $
55$	<?>	na55, mɔ55	Baihong, Biyo, Zaiwa, Nesu, Nisu, Naxi, Lisu, Zauzou, Lahu Shi	677	5 5 $
XX$	<?>	ɲo_m XX	Zaiwa	1	X X $
^33	<?>	33 ɬa_ 55, 33 mi 33	Nesu	2	^ 3 3
^ә$	<?>	ә	Kucong, Samei	2	^ \u04d9 $
ɕa~	<???>	ɕa~	Naxi	1	\u0255 a ~
jæ~	<???>	jæ~	Naxi	1	j \xe6 ~
113$	<?>	zhi zhu wang113	Mandarin Chinese	1	1 1 3 $
213$	<?>	ɕa 213	Biyo	1	2 1 3 $
311$	<?>	da ha qian311	Mandarin Chinese	1	3 1 1 $
313$	<?>	A33 vu 21 tsA313, ɣɔ313	Lahu Shi	5	3 1 3 $
314$	<?>	da pen ti314	Mandarin Chinese	1	3 1 4 $
344$	<?>	ou tu wu 344	Mandarin Chinese	1	3 4 4 $
^21$	<?>	21	Nesu	7	^ 2 1 $
^33$	<?>	33	Nesu	10	^ 3 3 $
^53$	<?>	53	Nesu	1	^ 5 3 $
^55$	<?>	55	Nesu	1	^ 5 5 $
ɕja~	<???>	ɕja~	Nusu	1	\u0255 j a ~
o~31	<???>	o~31	Lahu Shi	1	o ~ 3 1
u~33	<???>	u~33	Lahu Shi	1	u ~ 3 3
3155$	<?>	de ma3155	Baihong	1	3 1 5 5 $
5555$	<?>	tɕe kɯ5555	Baihong	1	5 5 5 5 $
ɕa~33	<???>	ɕa~33	Biyo	1	\u0255 a ~ 3 3
do~55	<???>	do~55	Biyo	1	d o ~ 5 5
ɛ~ 35	<???>	ɛ~ 35	Lisu	1	\u025b ~   3 5
e~ 44	<???>	e~ 44	Lisu	1	e ~   4 4
i~ 31	<???>	i~ 31	Zauzou	1	i ~   3 1
la~31	<???>	la~31	Biyo	1	l a ~ 3 1
o~ 44	<???>	o~ 44	Lisu	1	o ~   4 4
xɔ~31	<???>	xɔ~31	Lahu Shi	1	x \u0254 ~ 3 1
xɔ~53	<???>	xɔ~53	Lahu Shi	1	x \u0254 ~ 5 3
xɔ~55	<???>	xɔ~55	Lahu Shi	2	x \u0254 ~ 5 5
ʔi~ 44	<???>	ʔi~ 44	Zauzou	1	\u0294 i ~   4 4
ɕa~ 31	<???>	ɕa~ 31	Zauzou	1	\u0255 a ~   3 1
ɣe~ 55	<???>	ɣe~ 55	Zauzou	1	\u0263 e ~   5 5
ɣɔ~ 35	<???>	ɣɔ~ 35	Zauzou	1	\u0263 \u0254 ~   3 5
hæ~ 33	<???>	hæ~ 33	Zauzou	1	h \xe6 ~   3 3
hi~ ku	<???>	hi~ ku	Nusu	1	h i ~   k u
hi~ na	<???>	hi~ na	Nusu	1	h i ~   n a
hi~ sә	<???>	hi~ sә	Nusu	1	h i ~   s \u04d9
jæ~ sɤ	<???>	jæ~ sɤ	Nusu	1	j \xe6 ~   s \u0264
kæ~ 31	<???>	kæ~ 31	Zauzou	1	k \xe6 ~   3 1
kæ~ 33	<???>	kæ~ 33	Zauzou	1	k \xe6 ~   3 3
ke~ 35	<???>	ke~ 35	Zauzou	1	k e ~   3 5
la~ 33	<???>	la~ 33	Zauzou	1	l a ~   3 3
lia~31	<???>	lia~31	Biyo	1	l i a ~ 3 1
ɲɯ~ 33	<???>	ɲɯ~ 33	Zauzou	1	\u0272 \u026f ~   3 3
o xiu~	<???>	o xiu~	Nusu	1	o   x i u ~
pe~ 33	<???>	pe~ 33	Zauzou	1	p e ~   3 3
pe~ 42	<???>	pe~ 42	Zauzou	1	p e ~   4 2
sæ~ 31	<???>	sæ~ 31	Zauzou	1	s \xe6 ~   3 1
te~ 44	<???>	te~ 44	Zauzou	1	t e ~   4 4
ʑæ~ 44	<???>	ʑæ~ 44	Zauzou	1	\u0291 \xe6 ~   4 4
hi~ gau	<???>	hi~ gau	Nusu	1	h i ~   g a u
ju~ ʐwɔ	<???>	ju~ ʐwɔ	Nusu	1	j u ~   \u0290 w \u0254
khe~ 33	<???>	khe~ 33	Zauzou	1	k h e ~   3 3
khe~ 42	<???>	khe~ 42	Zauzou	1	k h e ~   4 2
pɯ we~j	<???>	pɯ we~j	Nusu	1	p \u026f   w e ~ j
pa~o 35	<???>	pa~o 35	Zauzou	1	p a ~ o   3 5
phe~ 31	<???>	phe~ 31	Zauzou	1	p h e ~   3 1
pie~ 35	<???>	pie~ 35	Zauzou	1	p i e ~   3 5
ta lja~	<???>	ta lja~	Jino	1	t a   l j a ~
tɕa~ 31	<???>	tɕa~ 31	Zauzou	1	t \u0255 a ~   3 1
tɕa~ bi	<???>	tɕa~ bi	Nusu	1	t \u0255 a ~   b i
hju~ brә	<???>	hju~ brә	Nusu	1	h j u ~   b r \u04d9
swa~ dzә	<???>	swa~ dzә	Nusu	1	s w a ~   d z \u04d9
tɕiæ~ 55	<???>	tɕiæ~ 55	Zauzou	2	t \u0255 i \xe6 ~   5 5
tɕio~ 44	<???>	tɕio~ 44	Zauzou	1	t \u0255 i o ~   4 4
tʂwa~ fu	<???>	tʂwa~ fu	Nusu	1	t \u0282 w a ~   f u
tɕhia~ 31	<???>	tɕhia~ 31	Zauzou	1	t \u0255 h i a ~   3 1
a 44 o~ 33	<???>	a 44 o~ 33	Zauzou	1	a   4 4   o ~   3 3
bi31 de~55	<???>	bi31 de~55	Biyo	1	b i 3 1   d e ~ 5 5
mo55 xɔ~33	<???>	mo55 xɔ~33	Lahu Shi	1	m o 5 5   x \u0254 ~ 3 3
u~ŋ35 nɛ31	<???>	u~ŋ35 nɛ31	Lahu Shi	1	u ~ \u014b 3 5   n \u025b 3 1
xɔ~35 nu31	<???>	xɔ~35 nu31	Lahu Shi	1	x \u0254 ~ 3 5   n u 3 1
ŋɔ 44 o~ 33	<???>	ŋɔ 44 o~ 33	Zauzou	1	\u014b \u0254   4 4   o ~   3 3
ao 42 o~ 33	<???>	ao 42 o~ 33	Zauzou	1	a o   4 2   o ~   3 3
dza~55 go55	<???>	dza~55 go55	Biyo	1	d z a ~ 5 5   g o 5 5
na 55 a~ 55	<???>	na 55 a~ 55	Zauzou	1	n a   5 5   a ~   5 5
ɔ 31 pɯ~ 35	<???>	ɔ 31 pɯ~ 35	Zauzou	1	\u0254   3 1   p \u026f ~   3 5
vɔ 33 o~ 33	<???>	vɔ 33 o~ 33	Zauzou	1	v \u0254   3 3   o ~   3 3
vu 42 o~ 33	<???>	vu 42 o~ 33	Zauzou	1	v u   4 2   o ~   3 3
xɔ 31 o~ 33	<???>	xɔ 31 o~ 33	Zauzou	1	x \u0254   3 1   o ~   3 3
ʐwɔ o~ hjy~	<???>	ʐwɔ o~ hjy~	Nusu	1	\u0290 w \u0254   o ~   h j y ~
ʔi~ 33 læ 31	<???>	ʔi~ 33 læ 31	Zauzou	1	\u0294 i ~   3 3   l \xe6   3 1
ʔo~ 33 le 35	<???>	ʔo~ 33 le 35	Zauzou	1	\u0294 o ~   3 3   l e   3 5
ŋo 31 ko~ 55	<???>	ŋo 31 ko~ 55	Zauzou	1	\u014b o   3 1   k o ~   5 5
ɕa~55 dʑau55	<???>	ɕa~55 dʑau55	Biyo	1	\u0255 a ~ 5 5   d \u0291 a u 5 5
mia 42 o~ 33	<???>	mia 42 o~ 33	Zauzou	1	m i a   4 2   o ~   3 3
pio 31 o~ 33	<???>	pio 31 o~ 33	Zauzou	1	p i o   3 1   o ~   3 3
se~ 31 vu 35	<???>	se~ 31 vu 35	Zauzou	1	s e ~   3 1   v u   3 5
tɯ 55 ka~ 31	<???>	tɯ 55 ka~ 31	Zauzou	1	t \u026f   5 5   k a ~   3 1
ʑæ~ 33 læ 31	<???>	ʑæ~ 33 læ 31	Zauzou	1	\u0291 \xe6 ~   3 3   l \xe6   3 1
ʔo~ 31 tsɔ 33	<???>	ʔo~ 31 tsɔ 33	Zauzou	1	\u0294 o ~   3 1   t s \u0254   3 3
dzua~33 fo~33	<???>	dzua~33 fo~33	Biyo	1	d z u a ~ 3 3   f o ~ 3 3
la 31 lue~ 35	<???>	la 31 lue~ 35	Zauzou	1	l a   3 1   l u e ~   3 5
lou 31 ko~ 55	<???>	lou 31 ko~ 55	Zauzou	1	l o u   3 1   k o ~   5 5
lou 42 ve~ 31	<???>	lou 42 ve~ 31	Zauzou	1	l o u   4 2   v e ~   3 1
o~ 55 khɯ~ 55	<???>	o~ 55 khɯ~ 55	Zauzou	1	o ~   5 5   k h \u026f ~   5 5
sæ 42 tse~ 33	<???>	sæ 42 tse~ 33	Zauzou	1	s \xe6   4 2   t s e ~   3 3
se~ 55 ʑa~ 35	<???>	se~ 55 ʑa~ 35	Zauzou	1	s e ~   5 5   \u0291 a ~   3 5
ta~ 44 khu 42	<???>	ta~ 44 khu 42	Zauzou	1	t a ~   4 4   k h u   4 2
to~ 33 pho 42	<???>	to~ 33 pho 42	Zauzou	1	t o ~   3 3   p h o   4 2
xo 31 tɕa~ 55	<???>	xo 31 tɕa~ 55	Zauzou	1	x o   3 1   t \u0255 a ~   5 5
ɣo~ 31 tso~ 33	<???>	ɣo~ 31 tso~ 33	Zauzou	1	\u0263 o ~   3 1   t s o ~   3 3
piɔ 35 tse~ 33	<???>	piɔ 35 tse~ 33	Zauzou	1	p i \u0254   3 5   t s e ~   3 3
tɕhi 31 pæ~ 33	<???>	tɕhi 31 pæ~ 33	Zauzou	1	t \u0255 h i   3 1   p \xe6 ~   3 3
tɕi 31 tɕa~ 33	<???>	tɕi 31 tɕa~ 33	Zauzou	2	t \u0255 i   3 1   t \u0255 a ~   3 3
tɕyi~ 44 o~ 33	<???>	tɕyi~ 44 o~ 33	Zauzou	1	t \u0255 y i ~   4 4   o ~   3 3
u~33 gɯ31 ku35	<???>	u~33 gɯ31 ku35	Lahu Shi	1	u ~ 3 3   g \u026f 3 1   k u 3 5
A55 kA54 xɛ~313	<???>	A55 kA54 xɛ~313	Lahu Shi	1	A 5 5   k A 5 4   x \u025b ~ 3 1 3
kho~ 31 kho~ 31	<???>	kho~ 31 kho~ 31	Zauzou	1	k h o ~   3 1   k h o ~   3 1
khuɔ 33 tse~ 33	<???>	khuɔ 33 tse~ 33	Zauzou	1	k h u \u0254   3 3   t s e ~   3 3
tha~ 31 tse~ 33	<???>	tha~ 31 tse~ 33	Zauzou	1	t h a ~   3 1   t s e ~   3 3
tɕhy~i 33 phu 31	<???>	tɕhy~i 33 phu 31	Zauzou	1	t \u0255 h y ~ i   3 3   p h u   3 1
la 42 lo 33 o~ 33	<???>	la 42 lo 33 o~ 33	Zauzou	1	l a   4 2   l o   3 3   o ~   3 3
pa 31 ti 31 o~ 33	<???>	pa 31 ti 31 o~ 33	Zauzou	1	p a   3 1   t i   3 1   o ~   3 3
ɣæ 33 ɣa~ 55 o~ 33	<???>	ɣæ 33 ɣa~ 55 o~ 33	Zauzou	1	\u0263 \xe6   3 3   \u0263 a ~   5 5   o ~   3 3
lou 31 pɔ 33 o~ 33	<???>	lou 31 pɔ 33 o~ 33	Zauzou	1	l o u   3 1   p \u0254   3 3   o ~   3 3
na 55 ma 35 pæ~ 33	<???>	na 55 ma 35 pæ~ 33	Zauzou	1	n a   5 5   m a   3 5   p \xe6 ~   3 3
ɔ 31 tɔ~ 31 tɔ~ 31	<???>	ɔ 31 tɔ~ 31 tɔ~ 31	Zauzou	1	\u0254   3 1   t \u0254 ~   3 1   t \u0254 ~   3 1
pha 55 vu 42 o~ 33	<???>	pha 55 vu 42 o~ 33	Zauzou	1	p h a   5 5   v u   4 2   o ~   3 3
tɯ 55 se~ 31 vu 35	<???>	tɯ 55 se~ 31 vu 35	Zauzou	1	t \u026f   5 5   s e ~   3 1   v u   3 5
mi 33 ka~ 35 khu 42	<???>	mi 33 ka~ 35 khu 42	Zauzou	1	m i   3 3   k a ~   3 5   k h u   4 2
tɕho 42 e~ 33 læ 31	<???>	tɕho 42 e~ 33 læ 31	Zauzou	1	t \u0255 h o   4 2   e ~   3 3   l \xe6   3 1
to~ 33 to~ 33 læ 31	<???>	to~ 33 to~ 33 læ 31	Zauzou	1	t o ~   3 3   t o ~   3 3   l \xe6   3 1
tsɯ~ 55 lɯ 55 læ 31	<???>	tsɯ~ 55 lɯ 55 læ 31	Zauzou	1	t s \u026f ~   5 5   l \u026f   5 5   l \xe6   3 1
u~31 tA31 pi35 li54	<???>	u~31 tA31 pi35 li54	Lahu Shi	1	u ~ 3 1   t A 3 1   p i 3 5   l i 5 4
tɯ 55 vu 35 khua~ 42	<???>	tɯ 55 vu 35 khua~ 42	Zauzou	1	t \u026f   5 5   v u   3 5   k h u a ~   4 2
tshɔ 33 hɔ 33 to~ 31	<???>	tshɔ 33 hɔ 33 to~ 31	Zauzou	1	t s h \u0254   3 3   h \u0254   3 3   t o ~   3 1
khɔ 33 ɣuo~ 35 te~ 44	<???>	khɔ 33 ɣuo~ 35 te~ 44	Zauzou	1	k h \u0254   3 3   \u0263 u o ~   3 5   t e ~   4 4
tɕio~ 42 tɕu 35 læ 31	<???>	tɕio~ 42 tɕu 35 læ 31	Zauzou	1	t \u0255 i o ~   4 2   t \u0255 u   3 5   l \xe6   3 1
tɕyi~ 44 ka~ 55 o~ 33	<???>	tɕyi~ 44 ka~ 55 o~ 33	Zauzou	1	t \u0255 y i ~   4 4   k a ~   5 5   o ~   3 3
mi 31 khɯ 33 lou 42 o~	<???>	mi 31 khɯ 33 lou 42 o~	Zauzou	1	m i   3 1   k h \u026f   3 3   l o u   4 2   o ~
pa 42 ɕi 55 pɔ 35 o~ 33	<???>	pa 42 ɕi 55 pɔ 35 o~ 33	Zauzou	1	p a   4 2   \u0255 i   5 5   p \u0254   3 5   o ~   3 3
mi 33 ka~ 35 khu 42 o~ 33	<???>	mi 33 ka~ 35 khu 42 o~ 33	Zauzou	1	m i   3 3   k a ~   3 5   k h u   4 2   o ~   3 3
tha~ 31 kyi 33 ɕi 31 o~ 33	<???>	tha~ 31 kyi 33 ɕi 31 o~ 33	Zauzou	1	t h a ~   3 1   k y i   3 3   \u0255 i   3 1   o ~   3 3
ŋo 31 tsa 44 pa 42 ti 31 o~ 33	<???>	ŋo 31 tsa 44 pa 42 ti 31 o~ 33	Zauzou	1	\u014b o   3 1   t s a   4 4   p a   4 2   t i   3 1   o ~   3 3
ʔ	ʔ	ŋo`ʔ 55 mjuʔ 21, voʔ 21	Zaiwa, Zauzou	34	\u0294
ʔ$	ʔ	ŋo_ʔ	Zaiwa	1	\u0294 $
^ʔ	ʔ	ʔu 42, ʔu_ 33	Nisu, Zauzou, Nesu	18	^ \u0294
ɪ	ɪ	mɯ 31 lɯ 35 ku 35 dʒɪ 33	Lisu	1	\u026a
ɪ$	ɪ	me nju me ɪ, do jɪ	Jino, Samei	3	\u026a $
^ɪ	ɪ	ɪ the	Jino	1	^ \u026a
ŋ	ŋ	jaŋ 51 khuŋ 21, tuŋ 51 saŋ 21	Zaiwa, Lahu Shi, Baihong, Kucong, Nesu, Naxi, Jino, Lisu, Nusu, Biyo	109	\u014b
ŋ$	ŋ	ʐo ŋ, liŋ	Nusu	2	\u014b $
^ŋ	ŋ	ŋo 33, ŋɔ	Zaiwa, Kucong, Nesu, Naxi, Lahu Shi, Lisu, Zauzou, Samei, Jino, Nisu, Biyo, Nusu, Baihong	102	^ \u014b
ɚ	ə˞	mɚ 21, sɚ_ 55	Nesu	29	\u025a
ɚ$	ə˞	khɯ33 dʐɚ	Naxi	1	\u025a $
^ɚ$	ə˞	ɚ	Nusu	1	^ \u025a $
ʃ	ʃ	a ʃo, soŋ ʃu	Jino, Lisu, Biyo, Zaiwa	21	\u0283
^ʃ	ʃ	ʃɨ31, ʃɨ 44	Zaiwa, Lisu, Biyo, Jino	28	^ \u0283
tʃ	tʃ	a tʃa, pu tʃu	Jino, Zaiwa, Lisu, Baihong, Biyo	31	t \u0283
^tʃ	tʃ	tʃɨ31, tʃɨ55	Zaiwa, Lisu, Biyo, Jino, Baihong	33	^ t \u0283
thʃ	tʰʃ	a thʃɨ	Jino	1	t h \u0283
ʊ	ʊ	gʊ31, sʊ31 nʊ55	Baihong, Naxi, Jino, Samei, Nusu	48	\u028a
ʊ$	ʊ	mʊ, tʊ	Jino, Nusu, Naxi, Samei, Baihong, Kucong	30	\u028a $
^ʊ	ʊ	ʊ55 nʊ31, ʊ31 nɔ55	Baihong	3	^ \u028a
ɯ	ɯ	sɯ 55 ɣɯ 21, sɯ 55	Naxi, Lisu, Zauzou, Nesu, Baihong, Lahu Shi, Nisu, Jino, Kucong, Nusu, Samei, Zaiwa	345	\u026f
ɯ$	ɯ	mɯ, phɯ	Kucong, Jino, Nusu, Naxi, Samei	113	\u026f $
^ɯ	ɯ	ɯr, ɯ ga ʝɛ mɯ	Baihong, Kucong, Samei, Jino	7	^ \u026f
^ɯ$	ɯ	ɯ	Nusu	1	^ \u026f $
ʒ	ʒ	biɛ 31 ʒo 31, tʃhɨ 31 ʒe 33	Lisu, Zaiwa	7	\u0292
^ʒ	ʒ	ʒa 21, ʒɨ 33	Lisu, Zaiwa, Baihong	8	^ \u0292
dʒ	dʒ	v.55 dʒa 55, niɛ 55 ma 44 dʒɛ 44 dʒɛ 31	Biyo, Lisu, Baihong	22	d \u0292
^dʒ	dʒ	dʒɨ55 xo55, dʒe31	Lisu, Biyo, Baihong	17	^ d \u0292
_	_	a 55 ɲi 21 zo 33, voʔ 21 kan 21 ʃiŋ 55 jaŋ 21	Lisu, Zaiwa, Zauzou, Nisu, Nesu, Jino, Baihong, Lahu Shi, Kucong, Na (Lahu), Biyo, Samei, Hani, Mandarin Chinese, Naxi, Nusu, Jinghpaw, Sichuan Yi	6093	_
__	__	sɨ_ 21, ni_ɛ_ 21	Nisu, Nesu, Zaiwa	320	_ _
^__	__	_ 21	Nesu	1	^ _ _
a	a	na55, dza31	Jinghpaw, Na (Lahu), Mandarin Chinese, Hani, Baihong, Zaiwa, Lisu, Zauzou, Biyo, Naxi, Jino, Kucong, Nesu, Sichuan Yi, Samei, Nusu, Lahu Shi	1964	a
ɒ	ɒ	khɒ mɒ zɒ kʊ, khɒ phɒ zɒ kʊ	Jino	23	\u0252
'a	a	haqnav'aqma, niaoq'aol	Hani	3	' a
^a	a	a na, a ji	Jino, Hani, Baihong, Kucong, Na (Lahu), Lisu, Sichuan Yi, Zaiwa, Samei, Biyo, Nesu, Zauzou, Nusu, Naxi, Mandarin Chinese, Jinghpaw	494	^ a
a$	a	na, la	Jinghpaw, Kucong, Nusu, Jino, Sichuan Yi, Samei, Hani, Na (Lahu), Naxi, Baihong	400	a $
ɒ$	ɒ	tɒ, sɨ jɒ	Jino	27	\u0252 $
'a$	a	oq'a	Hani	1	' a $
^a$	a	a	Nusu, Samei	2	^ a $
æ	æ	næ 44 khæ 31 tæ 31, tshæ 42 ɲæ 33	Zauzou, Kucong, Naxi, Baihong, Jino, Samei	84	\xe6
^æ	æ	æ hæ bɔ	Samei	1	^ \xe6
æ$	æ	lo sæ, mæ	Kucong, Jino, Nusu, Naxi, Samei	47	\xe6 $
b	b	a bo ba, a ba	Kucong, Naxi, Baihong, Hani, Samei, Sichuan Yi, Lisu, Nusu, Nesu, Biyo, Mandarin Chinese, Nisu, Jinghpaw, Na (Lahu), Lahu Shi	243	b
^b	b	bo, bɯ	Hani, Kucong, Baihong, Nisu, Mandarin Chinese, Nusu, Biyo, Lisu, Nesu, Naxi, Na (Lahu), Jinghpaw, Lahu Shi, Sichuan Yi, Samei, Zaiwa, Zauzou	212	^ b
bb	bb	hlopbbop, hnapbbit	Sichuan Yi	14	b b
^bb	bb	bburlie, bbut	Sichuan Yi	14	^ b b
c	c	naciqciqduvq, heilceq ceq	Hani, Kucong, Sichuan Yi, Na (Lahu), Mandarin Chinese, Zauzou	48	c
ɕ	ɕ	a ɕɛ, a ɕi	Jino, Zauzou, Nusu, Baihong, Lahu Shi, Naxi, Nisu, Biyo, Samei	26	\u0255
^c	c	ci, ceil	Na (Lahu), Kucong, Hani, Sichuan Yi, Mandarin Chinese	72	^ c
^ɕ	ɕ	ɕi, ɕi 55	Naxi, Zauzou, Nesu, Lahu Shi, Nusu, Samei, Jino, Biyo, Nisu, Baihong	54	^ \u0255
dɕ	dɕ	v.31 dɕi55	Biyo	1	d \u0255
tɕ	tɕ	o31 tɕi55, to33 tɕi35	Zauzou, Lahu Shi, Biyo, Baihong, Nesu, Naxi, Samei, Nisu, Jino	38	t \u0255
^dɕ	dɕ	dɕe33, dɕi55 kɤ55	Biyo	5	^ d \u0255
^tɕ	tɕ	tɕi31, tɕi	Zauzou, Naxi, Baihong, Samei, Nusu, Nesu, Nisu, Lahu Shi	48	^ t \u0255
thɕ	tʰɕ	ha thɕi mɯ mә	Jino	1	t h \u0255
^thɕ	tʰɕ	thɕi tʃo pa tʃo, thɕi pe	Jino	3	^ t h \u0255
d	d	ɟɛ da, ndza33	Na (Lahu), Naxi, Baihong, Biyo, Hani, Jinghpaw, Kucong, Samei, Nusu, Sichuan Yi, Lisu, Mandarin Chinese, Nisu, Lahu Shi, Nesu	322	d
ɖ	ɖ	tshe 33 ɖɚ_ 55	Nesu	1	\u0256
^d	d	du, do	Biyo, Baihong, Samei, Mandarin Chinese, Nusu, Hani, Nisu, Kucong, Jinghpaw, Nesu, Lisu, Lahu Shi, Na (Lahu), Sichuan Yi, Naxi	301	^ d
^ɖ	ɖ	ɖɯ 33, ɖa_ 21	Nesu	7	^ \u0256
d$	d	nud, ngad	Na (Lahu)	69	d $
dd	dd	quobbupddi, zipddu	Sichuan Yi	5	d d
^dd	dd	ddutcy, ddur	Sichuan Yi	10	^ d d
e	e	shedex, se 55	Na (Lahu), Hani, Mandarin Chinese, Baihong, Nesu, Sichuan Yi, Lisu, Zaiwa, Biyo, Naxi, Zauzou, Samei, Jino, Jinghpaw, Kucong, Lahu Shi, Nusu, Nisu	712	e
ɛ	ɛ	nɛ 42 nɛ 42, niɛ 55 ma 44 dʒɛ 44 dʒɛ 31	Nisu, Lahu Shi, Lisu, Kucong, Baihong, Naxi, Jino, Nusu, Samei	263	\u025b
^e	e	e 55 mi 44, e 21	Lisu, Mandarin Chinese, Na (Lahu), Nesu, Nusu, Baihong, Nisu, Zaiwa, Zauzou	44	^ e
e$	e	we, ne	Sichuan Yi, Jino, Samei, Na (Lahu), Kucong, Nusu, Jinghpaw, Naxi, Baihong, Hani	168	e $
ɛ$	ɛ	cɛ, bjɛ	Nusu, Kucong, Naxi, Jino	44	\u025b $
f	f	dza55 f.31 f.55, mɔ fi	Na (Lahu), Mandarin Chinese, Kucong, Baihong, Nisu, Lahu Shi, Lisu, Naxi, Samei, Hani	47	f
^f	f	fu 44, fv.55	Mandarin Chinese, Naxi, Lahu Shi, Lisu, Nesu, Na (Lahu), Baihong, Nisu, Sichuan Yi, Samei, Jino, Kucong, Zauzou, Biyo	43	^ f
f$	f	ciel qof, pied hawf	Na (Lahu), Hani	38	f $
^f$	f	f.	Samei	1	^ f $
g	g	nga, chang2	Mandarin Chinese, Jinghpaw, Kucong, Hani, Sichuan Yi, Samei, Na (Lahu), Baihong, Naxi, Biyo, Lisu, Nusu, Lahu Shi, Nisu, Nesu	344	g
ɣ	ɣ	dza31 ɣa31 ɣa31, sɯ 55 ɣɯ 21	Zauzou, Baihong, Lahu Shi, Kucong, Nesu, Lisu, Naxi, Nisu, Samei	37	\u0263
^g	g	ga, go	Jinghpaw, Mandarin Chinese, Samei, Kucong, Nusu, Baihong, Biyo, Naxi, Sichuan Yi, Hani, Na (Lahu), Nisu, Lahu Shi, Lisu, Nesu	200	^ g
^ɣ	ɣ	ɣɔ31, ɣæ 33	Nesu, Zauzou, Lahu Shi, Naxi, Kucong, Lisu, Nisu, Biyo, Baihong, Samei, Nusu	66	^ \u0263
g$	g	chyang, nong	Jinghpaw	45	g $
gg	gg	vitggut ggatcha, shinggan	Sichuan Yi, Jinghpaw	8	g g
^ɣ$	ɣ	ɣ.	Samei	1	^ \u0263 $
^gg	gg	ggaxnyi, ggu	Sichuan Yi	9	^ g g
h	h	ɲi ho, keelmil aol huhu	Jinghpaw, Mandarin Chinese, Hani, Sichuan Yi, Nusu, Samei, Na (Lahu), Lisu, Jino, Nesu, Naxi, Zauzou, Biyo	109	h
^h	h	hmi, ha	Jinghpaw, Sichuan Yi, Hani, Nusu, Na (Lahu), Mandarin Chinese, Lisu, Samei, Nesu, Jino, Naxi	221	^ h
bh	bh	mbhe 33, mbhɚ_ 21	Nesu	3	b h
ch	ch	machyi, i* chud	Na (Lahu), Jinghpaw, Mandarin Chinese, Sichuan Yi	15	c h
dh	dh	ndhɔ 21, ndhu 21	Nesu	3	d h
ɖh	ɖh	ɳɖho_ 21	Nesu	1	\u0256 h
gh	gh	a 21 ŋgho 33, chyinghkyi	Nesu, Jinghpaw	5	g h
hh	hh	aq hhyu, savq hhol	Hani	10	h h
jh	jh	njhɔ 21	Nesu	1	j h
kh	kʰ	kua 44 khi 35 khi 35, mi khy	Jino, Zauzou, Zaiwa, Kucong, Naxi, Lisu, Samei, Na (Lahu), Lahu Shi, Nusu, Nesu, Nisu	135	k h
lh	lh	peilhaoq	Hani	1	l h
mh	mh	hkumhkye, gumhpro	Jinghpaw	2	m h
nh	nh	wanhkut	Jinghpaw	1	n h
ph	pʰ	sɨ54 phA 21, a phi	Jino, Lahu Shi, Lisu, Na (Lahu), Nisu, Zauzou, Samei, Naxi, Kucong, Nesu, Zaiwa, Nusu, Sichuan Yi	109	p h
qh	qh	laqhyul hoqhyuq, lawl qhor	Na (Lahu), Lahu Shi, Hani, Kucong	32	q h
rh	rh	jjurhla	Sichuan Yi	1	r h
sh	sh	gasha la sha, gashu la sha	Na (Lahu), Jinghpaw, Mandarin Chinese, Sichuan Yi	52	s h
th	tʰ	A 55 thi 21 thi 21, aq thie*	Jino, Lahu Shi, Na (Lahu), Kucong, Nisu, Samei, Nesu, Naxi, Lisu, Zaiwa, Biyo, Baihong, Sichuan Yi, Zauzou, Nusu	61	t h
ʈh	ʈh	go_ 21 ʈhi_ 21	Nesu	1	\u0288 h
vh	vh	navhaoq	Hani	1	v h
xh	xh	ixhmu, axhxie	Sichuan Yi	2	x h
zh	zh	la zhu42, la zhid xeul	Mandarin Chinese, Na (Lahu)	13	z h
^ch	ch	chang2, chyang	Mandarin Chinese, Na (Lahu), Jinghpaw, Sichuan Yi	44	^ c h
^hh	hh	hhuvq, hhao'laonei	Hani	11	^ h h
^kh	kʰ	kha, kho	Zaiwa, Samei, Jino, Naxi, Kucong, Lisu, Nusu, Na (Lahu), Zauzou, Nesu, Nisu, Lahu Shi	147	^ k h
^nh	nh	nhka	Jinghpaw	1	^ n h
^ph	pʰ	phɯ, phu	Na (Lahu), Zaiwa, Lahu Shi, Kucong, Naxi, Nisu, Jino, Nesu, Lisu, Nusu, Zauzou, Samei	99	^ p h
^qh	qh	qhA53, qhawd	Lahu Shi, Na (Lahu), Kucong	16	^ q h
^sh	sh	shana, shi	Mandarin Chinese, Jinghpaw, Na (Lahu), Sichuan Yi	99	^ s h
^th	tʰ	thɯ, thu 33	Jino, Nisu, Zaiwa, Lisu, Na (Lahu), Nesu, Lahu Shi, Zauzou, Naxi, Kucong, Nusu, Samei, Baihong	66	^ t h
^ʈh	ʈh	ʈhu 33, ʈho_ 21 kɤ 33	Nesu	7	^ \u0288 h
^zh	zh	zhu3, zhong zi30	Mandarin Chinese, Sichuan Yi, Na (Lahu)	24	^ z h
lhh	lhh	lulhhuv	Hani	1	l h h
psh	psh	pupshu, jjipshur	Sichuan Yi	2	p s h
qhh	qhh	haqhhal seil	Hani	1	q h h
sʃh	sʃh	xua 55 sʃhɨ 31	Lisu	1	s \u0283 h
tʃh	tʃh	a tʃhɨ, at 55 tʃho 21 tʃho 21	Jino, Lisu, Zaiwa	22	t \u0283 h
tɕh	tɕh	ʑi_ 55 tɕhɚ 33, nA31 pɔ55 tɕhi33	Lahu Shi, Nesu, Nisu, Zauzou	15	t \u0255 h
tsh	tsh	a tshɨ, ɔ31 tshɨ53	Jino, Lahu Shi, Lisu, Nesu, Nisu, Zaiwa, Naxi, Zauzou	42	t s h
tʂh	tʂh	ɲe_ 55 tʂho, ko 33 tʂhA 55	Nisu, Nesu	4	t \u0282 h
vhh	vhh	xeivhhovq	Hani	1	v h h
xsh	xsh	ixsho, mgiexshyr	Sichuan Yi	5	x s h
^nsh	nsh	nshung ta, nshan	Jinghpaw	3	^ n s h
^tʃh	tʃh	tʃhɨ 31 nu 33, tʃhi 21	Lisu, Jino, Zaiwa	19	^ t \u0283 h
^tɕh	tɕh	tɕhi33, tɕhi_ɛ_ 33	Nesu, Naxi, Zauzou, Lahu Shi, Nisu	42	^ t \u0255 h
^tsh	tsh	tshɨ 31, tshɨ na	Lisu, Nesu, Jino, Naxi, Lahu Shi, Zauzou, Nisu, Zaiwa	58	^ t s h
^tʂh	tʂh	tʂhɨ 21, tʂhәr33	Nisu, Nesu, Naxi	36	^ t \u0282 h
i	i	ɲi31, mil caq mil bieiv	Mandarin Chinese, Na (Lahu), Hani, Biyo, Zaiwa, Nisu, Sichuan Yi, Lisu, Nesu, Lahu Shi, Zauzou, Jinghpaw, Naxi, Baihong, Nusu, Kucong, Samei, Jino	1672	i
ɨ	ɨ	dzɨ33, sɨ31	Lisu, Nisu, Biyo, Lahu Shi, Samei, Baihong, Nesu, Jino, Nusu, Naxi, Zauzou	275	\u0268
^i	i	i sɔ, i tshe	Sichuan Yi, Jino, Zaiwa, Na (Lahu), Nusu, Samei, Naxi, Lahu Shi	41	^ i
i$	i	mi, ɲi	Jinghpaw, Samei, Nusu, Kucong, Sichuan Yi, Jino, Hani, Na (Lahu), Naxi	325	i $
ɨ$	ɨ	ʐɨ, tsɨ	Jino, Samei, Nusu, Naxi, Lahu Shi, Baihong, Kucong, Biyo	75	\u0268 $
^i$	i	i	Samei, Kucong, Na (Lahu), Jino	7	^ i $
j	j	mji 21, ljɔ	Zaiwa, Jino, Nusu, Kucong, Biyo, Baihong, Sichuan Yi, Naxi, Samei, Mandarin Chinese, Jinghpaw, Na (Lahu), Hani, Nesu, Lahu Shi, Nisu	342	j
ɟ	ɟ	næ ɟu, gu ɟu	Kucong	9	\u025f
ʝ	ʝ	mo ʝɛ ʝɛ qɔ, la ʝɛ	Kucong	9	\u029d
^j	j	jɔ, ja	Biyo, Mandarin Chinese, Baihong, Jino, Nusu, Jinghpaw, Zaiwa, Hani, Naxi, Samei, Nesu, Sichuan Yi, Kucong, Na (Lahu), Nisu	171	^ j
^ɟ	ɟ	ɟә, ɟa	Kucong	26	^ \u025f
^ʝ	ʝ	ʝi, ʝa mi ma	Kucong	20	^ \u029d
j$	j	u gwej, bej	Nusu, Kucong, Jino, Naxi, Baihong	9	j $
jj	jj	mushe tejjyp, chypjjip	Sichuan Yi	7	j j
^jj	jj	jjo, jjyp	Sichuan Yi, Naxi, Jino, Samei	13	^ j j
k	k	po`_ 21 kje_k 55, mu 44 ku 55	Jinghpaw, Zaiwa, Jino, Lahu Shi, Biyo, Lisu, Na (Lahu), Nesu, Naxi, Baihong, Hani, Zauzou, Mandarin Chinese, Nisu, Sichuan Yi, Kucong, Nusu, Samei	208	k
^k	k	ka, kɤ 55	Zaiwa, Zauzou, Jinghpaw, Hani, Jino, Sichuan Yi, Lahu Shi, Nisu, Naxi, Mandarin Chinese, Biyo, Lisu, Baihong, Na (Lahu), Nesu, Nusu	168	^ k
k$	k	yak, taukok	Jinghpaw	4	k $
l	l	al bol al hov, bei dol lul cuq	Hani, Na (Lahu), Baihong, Jinghpaw, Lisu, Naxi, Biyo, Samei, Sichuan Yi, Lahu Shi, Kucong, Zauzou, Mandarin Chinese, Nisu, Jino, Zaiwa, Nusu, Nesu	436	l
ɬ	ɬ	hɬɔ, mɯ ɬæ	Jino, Nusu, Nisu, Nesu	19	\u026c
'l	l	hhao'laonei	Hani	1	' l
^l	l	la, li	Zaiwa, Jinghpaw, Naxi, Jino, Lisu, Samei, Kucong, Zauzou, Nusu, Biyo, Nesu, Lahu Shi, Na (Lahu), Nisu, Baihong, Hani, Mandarin Chinese, Sichuan Yi	444	^ l
^ɬ	ɬ	ɬo, ɬi 33	Nesu, Nisu, Jino	18	^ \u026c
l$	l	ceil, mol	Hani, Na (Lahu)	156	l $
ll	ll	yahyuq hallyul, julluqnei	Hani	3	l l
m	m	hmi, ʝa mi ma	Zaiwa, Jino, Sichuan Yi, Hani, Na (Lahu), Lisu, Lahu Shi, Jinghpaw, Kucong, Biyo, Baihong, Samei, Naxi, Nusu, Nesu, Nisu, Zauzou, Mandarin Chinese	549	m
^m	m	mi, mɔ	Naxi, Jinghpaw, Kucong, Lahu Shi, Na (Lahu), Biyo, Jino, Zaiwa, Lisu, Nusu, Zauzou, Nesu, Samei, Nisu, Baihong, Sichuan Yi, Mandarin Chinese, Hani	594	^ m
m$	m	bum, a m.	Jinghpaw, Samei, Nusu	36	m $
n	n	a na, shana	Mandarin Chinese, Jinghpaw, Zaiwa, Sichuan Yi, Hani, Jino, Kucong, Lahu Shi, Naxi, Nisu, Na (Lahu), Lisu, Samei, Nusu, Baihong, Biyo, Nesu, Zauzou	614	n
ɲ	ɲ	a ɲɔ, a 55 ɲi 21 zo 33	Nesu, Biyo, Baihong, Kucong, Naxi, Zauzou, Lisu, Samei, Zaiwa, Jino, Nusu	33	\u0272
ɳ	ɳ	ha_ 33 ɳo, a 33 ɳo_ 55	Nesu	4	\u0273
^n	n	na, na55	Jinghpaw, Na (Lahu), Naxi, Nisu, Hani, Sichuan Yi, Lahu Shi, Nesu, Samei, Lisu, Baihong, Zaiwa, Mandarin Chinese, Biyo, Zauzou, Kucong, Jino, Nusu	492	^ n
^ɲ	ɲ	ɲi, ɲi31	Nesu, Nusu, Biyo, Zauzou, Samei, Zaiwa, Kucong, Baihong, Jino, Naxi, Lisu	106	^ \u0272
^ɳ	ɳ	ɳɚ 21 tɕe 21, ɳɔ 21	Nesu	6	^ \u0273
n$	n	hpun, wan	Jinghpaw, Naxi, Jino, Nusu	55	n $
^n$	n	n	Jinghpaw	1	^ n $
^nn	nn	nnan	Jinghpaw	1	^ n n
o	o	ŋo 33, no 21	Hani, Zaiwa, Mandarin Chinese, Biyo, Zauzou, Nesu, Nisu, Sichuan Yi, Baihong, Lisu, Na (Lahu), Jinghpaw, Jino, Lahu Shi, Kucong, Naxi, Nusu, Samei	1146	o
ɔ	ɔ	mɔ55, dɔ31	Lahu Shi, Baihong, Nesu, Biyo, Zauzou, Samei, Jino, Kucong, Nusu, Naxi	329	\u0254
'o	o	sip'ot	Sichuan Yi	1	' o
^o	o	o 33 phu 55, o31 tɕi55	Biyo, Lisu, Nesu, Baihong, Hani, Samei, Na (Lahu), Sichuan Yi, Mandarin Chinese, Zauzou, Nusu, Jino, Lahu Shi, Kucong	64	^ o
^ɔ	ɔ	ɔ31 u53 ku33, ɔ31 tshɨ53	Lahu Shi, Baihong, Biyo, Nesu, Zauzou, Nusu	36	^ \u0254
o$	o	bo, lo	Kucong, Jino, Sichuan Yi, Samei, Nusu, Nesu, Jinghpaw, Hani, Na (Lahu)	274	o $
ɔ$	ɔ	mɔ, jɔ	Samei, Nusu, Jino, Kucong, Naxi, Baihong	220	\u0254 $
^o$	o	o	Kucong, Sichuan Yi	2	^ o $
^ɔ$	ɔ	ɔ	Kucong	1	^ \u0254 $
œ	œ	lœ lœ, dʐœ dʐœ	Naxi	2	\u0153
œ$	œ	lœ lœ, sœ	Naxi, Nusu, Jino	12	\u0153 $
p	p	a pɹɯ, hpun	Sichuan Yi, Jinghpaw, Na (Lahu), Zaiwa, Lahu Shi, Jino, Nisu, Hani, Biyo, Baihong, Nesu, Zauzou, Lisu, Mandarin Chinese, Nusu, Naxi	272	p
'p	p	xy'pot	Sichuan Yi	1	' p
^p	p	pa, pa55	Jino, Zaiwa, Na (Lahu), Baihong, Lahu Shi, Hani, Zauzou, Biyo, Mandarin Chinese, Jinghpaw, Nisu, Sichuan Yi, Nesu, Lisu, Naxi, Nusu, Samei	183	^ p
p$	p	hlopbbop, ketmop	Sichuan Yi, Jinghpaw, Nusu	78	p $
pp	pp	oplippup	Sichuan Yi	1	p p
q	q	aq niuq niuq qul, aoq qivq	Hani, Na (Lahu), Lahu Shi, Kucong, Sichuan Yi, Mandarin Chinese	257	q
^q	q	qawd, qy	Mandarin Chinese, Na (Lahu), Sichuan Yi, Lahu Shi, Hani, Kucong	44	^ q
q$	q	shiq, aoq soq	Hani, Na (Lahu)	194	q $
qq	qq	jaqqal, zaqqul	Hani	2	q q
r	r	ja hpri magri re ai ni, syrjielurjie	Jinghpaw, Naxi, Na (Lahu), Nusu, Sichuan Yi, Mandarin Chinese, Jino, Samei, Kucong	146	r
ɹ	ɹ	a pɹɯ, pu phɹɔ lɔ phɹɔ	Jino	29	\u0279
^r	r	re4, rir pheu	Na (Lahu), Mandarin Chinese, Jinghpaw	18	^ r
r$	r	çәr, yur	Na (Lahu), Sichuan Yi, Samei, Naxi, Kucong, Nusu	81	r $
^rr	rr	rry, rrot	Sichuan Yi	2	^ r r
s	s	i sɔ, lo sæ	Baihong, Lahu Shi, Lisu, Hani, Jinghpaw, Jino, Samei, Biyo, Naxi, Zaiwa, Nesu, Nisu, Zauzou, Sichuan Yi, Nusu, Na (Lahu), Mandarin Chinese	140	s
ʂ	ʂ	li_ɛ_ 21 ʂɨ 33, dzɔ ʂɨ	Nesu, Samei, Nisu	9	\u0282
^s	s	sa, sy	Hani, Jinghpaw, Nesu, Lisu, Baihong, Sichuan Yi, Lahu Shi, Zaiwa, Nisu, Nusu, Samei, Zauzou, Naxi, Jino, Na (Lahu), Biyo, Mandarin Chinese	265	^ s
^ʂ	ʂ	ʂɨ 21, ʂo	Samei, Nisu, Naxi, Nesu, Nusu	51	^ \u0282
gs	gs	dingsi	Jinghpaw	1	g s
ls	ls	qulsul, eelsaol	Hani	2	l s
ms	ms	namsi	Jinghpaw	1	m s
ns	ns	panglai nsam	Jinghpaw	1	n s
ps	ps	hxepsa, mopsu	Sichuan Yi	3	p s
qs	qs	seiqsaoq, hhoqsiq	Hani	6	q s
ss	ss	aoq sseil sseil, apmysse	Hani, Sichuan Yi	15	s s
ts	ts	mi55 tso31, u55 tsa55	Lahu Shi, Jino, Zaiwa, Biyo, Naxi, Jinghpaw, Baihong, Nusu, Nesu, Zauzou, Lisu, Samei, Nisu, Na (Lahu)	76	t s
tʂ	ʈʂ	lA_ 21 tʂu_ 21, a tʂa bo jau	Nusu, Nisu, Nesu, Naxi, Lisu, Samei	17	t \u0282
vs	vs	lavsaoq	Hani	1	v s
xs	xs	xyxsi, bbusyxsy	Sichuan Yi	5	x s
^ns	ns	nsam, nsen	Jinghpaw	4	^ n s
^ss	ss	ssuq, ssaqyossaq	Hani, Sichuan Yi	11	^ s s
^ts	ts	tsa, tso	Jinghpaw, Zaiwa, Baihong, Jino, Nusu, Lahu Shi, Zauzou, Samei, Naxi, Nisu, Lisu, Nesu	97	^ t s
^tʂ	ʈʂ	tʂi, tʂɔ	Nusu, Naxi, Nesu, Samei, Nisu	29	^ t \u0282
pss	pss	zhepsse	Sichuan Yi	1	p s s
qss	qss	miqssaq	Hani	1	q s s
t	t	vitggut ggatcha, ca* ti* tu*	Na (Lahu), Sichuan Yi, Jinghpaw, Zaiwa, Jino, Mandarin Chinese, Lahu Shi, Hani, Zauzou, Biyo, Lisu, Baihong, Nisu, Samei, Naxi, Kucong, Nusu, Nesu	232	t
^t	t	tɒ, to	Mandarin Chinese, Zauzou, Jino, Na (Lahu), Zaiwa, Lahu Shi, Hani, Biyo, Nisu, Nusu, Sichuan Yi, Jinghpaw, Nesu, Lisu, Baihong, Naxi, Samei, Kucong	183	^ t
t$	t	hxit, yit	Sichuan Yi, Jinghpaw, Na (Lahu)	120	t $
tt	tt	kette	Sichuan Yi	1	t t
u	u	ɔ31 u53 ku33, mu 44 ku 55	Mandarin Chinese, Zaiwa, Hani, Lisu, Na (Lahu), Sichuan Yi, Jinghpaw, Nesu, Nisu, Zauzou, Lahu Shi, Naxi, Nusu, Samei, Jino, Baihong, Kucong, Biyo	1133	u
ɤ	ɤ	dzɤ55, nɤ55	Nisu, Biyo, Baihong, Lahu Shi, Nesu, Nusu, Samei, Jino	183	\u0264
^u	u	u55 tsa55, u gwej	Zaiwa, Samei, Baihong, Jino, Jinghpaw, Na (Lahu), Naxi, Sichuan Yi, Kucong, Zauzou, Nusu, Lisu	44	^ u
^ɤ	ɤ	ɤ31 mi31, ɤ31 gi31	Baihong, Lahu Shi, Jino	6	^ \u0264
u$	u	du, phu	Kucong, Jinghpaw, Sichuan Yi, Nusu, Jino, Samei, Na (Lahu), Hani, Baihong, Naxi	227	u $
ɤ$	ɤ	dzɤ, gɤ gɤ	Samei, Jino, Nusu, Naxi	21	\u0264 $
^u$	u	u	Kucong, Samei, Jinghpaw, Na (Lahu), Nusu	9	^ u $
^ɤ$	ɤ	ɤ	Jino	3	^ \u0264 $
v	v	buvq geel buvq leiv, pv.55	Hani, Biyo, Naxi, Baihong, Sichuan Yi, Samei, Zaiwa, Lisu, Na (Lahu), Lahu Shi, Zauzou, Nisu, Jino	232	v
^v	v	va, vi	Zaiwa, Sichuan Yi, Biyo, Na (Lahu), Lahu Shi, Samei, Nesu, Jino, Nisu, Zauzou, Baihong, Kucong, Lisu, Naxi	125	^ v
v$	v	hev, fv.	Hani, Naxi, Samei, Kucong, Jino	44	v $
^v$	v	v.	Samei	1	^ v $
w	w	awl mu, awl jaw* paw*	Na (Lahu), Kucong, Mandarin Chinese, Jinghpaw, Baihong, Jino, Hani, Naxi, Nusu	145	w
^w	w	wa, we	Mandarin Chinese, Nusu, Jinghpaw, Sichuan Yi, Kucong, Hani, Baihong, Na (Lahu), Jino, Samei	64	^ w
gw	gw	u gwej, v. gwej	Nusu, Naxi, Baihong, Kucong	6	g w
ɣw	ɣw	v. ɣwej	Naxi	1	\u0263 w
kw	kʷ	tʂɨ kwɔr, a kwʊ	Naxi, Nusu, Jino	4	k w
mw	mw	salik wan numwu	Jinghpaw	1	m w
nw	nw	sinwop	Jinghpaw	1	n w
w$	w	naw, chaw	Na (Lahu), Sichuan Yi	26	w $
xw	xw	a55 dza31 xwe, shexwo	Baihong, Sichuan Yi	2	x w
zw	zw	dzwɔ, swa dzwo	Nusu, Samei	4	z w
ʐw	ʐw	mi ʐwɔ	Nusu	1	\u0290 w
^ŋw	ŋw	ŋwɔ, ŋwo ɕjo	Nusu	2	^ \u014b w
^bw	bw	bwɔ	Nusu	1	^ b w
^cw	cw	cwaŋ xu	Kucong	1	^ c w
^ɕw	ɕw	ɕwa	Nusu	1	^ \u0255 w
^dw	dw	dwɔ	Nusu	1	^ d w
^gw	gw	gwo, gwa	Nusu, Naxi	3	^ g w
^hw	hw	hwej, hwɔ	Naxi, Nusu	2	^ h w
^kw	kʷ	kwɔ, kwo	Nusu, Naxi	3	^ k w
^mw	mw	mw ʐɔ	Nusu	1	^ m w
^nw	nw	nwɔ	Nusu	2	^ n w
^sw	sw	swa na, swi	Nusu	6	^ s w
^ʂw	ʂw	ʂwa lәr se, ʂwej gwɔ	Naxi, Nusu	2	^ \u0282 w
^tw	tw	twɔ	Nusu	1	^ t w
^xw	xw	xwe31	Baihong	1	^ x w
^zw	zw	zwɔ, zwɔ zy	Nusu, Naxi	3	^ z w
^ʐw	ʐw	ʐwɔ mɔ	Nusu	1	^ \u0290 w
dʐw	dʐw	i dʐwә, ndʐwɔ	Naxi, Nusu	2	d \u0290 w
rw$	rw	lyrw	Sichuan Yi	1	r w $
tsw	tsw	se tswa	Samei	1	t s w
tʂw	tʂw	bɯ tʂwe	Nusu	1	t \u0282 w
^dʐw	dʐw	dʐwɔ, dʐwɔ hɬɔ	Nusu	3	^ d \u0290 w
^khw	khw	khwa, khwe	Nusu, Jino	4	^ k h w
^tsw	tsw	tswɔ dʐɨ, tswa	Samei, Nusu	3	^ t s w
^tʂw	tʂw	tʂwa pәr, tʂwa m. la ma phɯ	Naxi	3	^ t \u0282 w
^tʃhw	tʃhw	tʃhwan	Jino	1	^ t \u0283 h w
^thʃw	thʃw	thʃwaŋ hu	Jino	1	^ t h \u0283 w
^tshw	tshw	tshwә	Nusu	1	^ t s h w
x	x	hxit, a 55 xam 21 xam 21	Sichuan Yi, Baihong, Kucong, Na (Lahu), Zaiwa, Lahu Shi, Biyo, Nisu, Jino, Mandarin Chinese, Naxi, Hani, Zauzou, Lisu, Samei	151	x
^x	x	xo, xi	Baihong, Nisu, Mandarin Chinese, Kucong, Naxi, Zaiwa, Na (Lahu), Lahu Shi, Hani, Sichuan Yi, Zauzou, Lisu, Nesu, Jino, Biyo, Nusu, Samei	181	^ x
x$	x	shedex, kujox	Sichuan Yi	12	x $
y	y	ny55, chytyo	Sichuan Yi, Jinghpaw, Hani, Naxi, Mandarin Chinese, Baihong, Na (Lahu), Zauzou, Samei, Nusu, Jino	247	y
^y	y	yu, ya	Mandarin Chinese, Hani, Na (Lahu), Sichuan Yi, Jinghpaw, Baihong, Zauzou, Nusu	99	^ y
y$	y	sy, khy	Sichuan Yi, Samei, Jino, Naxi, Nusu	62	y $
^y$	y	y	Jino	1	^ y $
z	z	dza31, dzɨ33	Biyo, Baihong, Mandarin Chinese, Naxi, Samei, Nesu, Nusu, Lisu, Lahu Shi, Nisu, Hani, Jino, Na (Lahu), Sichuan Yi, Zauzou, Jinghpaw	245	z
ʐ	ʐ	xɤ 21 ʐo 33, la ʐʊ	Nusu, Nisu, Samei, Naxi, Baihong	19	\u0290
ʑ	ʑ	zo 31 mo 42 ʑa 44, yi 31 ʑa 44	Zauzou, Nesu, Naxi, Samei, Nisu, Lahu Shi	33	\u0291
^z	z	zɨ, zɔ33	Lahu Shi, Nisu, Sichuan Yi, Hani, Lisu, Mandarin Chinese, Nesu, Naxi, Jino, Samei, Na (Lahu), Zauzou, Nusu	88	^ z
^ʐ	ʐ	ʐɨ, ʐu	Nusu, Samei, Naxi, Nisu, Baihong	43	^ \u0290
^ʑ	ʑ	ʑi, ʑi_ 55	Nesu, Zauzou, Samei, Naxi, Nusu, Lahu Shi, Nisu	58	^ \u0291
dʐ	ɖʐ	ma dʐɨ, le phe dʐɨ	Naxi, Nusu, Samei, Nisu	21	d \u0290
dʑ	dʑ	mi31 dʑi55, xa31 dʑi31 ja31	Baihong, Biyo, Naxi	13	d \u0291
ʐ$	ʐ	a ʐ., a na a bi ʐ.	Samei	2	\u0290 $
zz	zz	zazzi bbupdi, wezze	Sichuan Yi	8	z z
^dʐ	ɖʐ	dʐɨ, dʐɔ	Nusu, Nisu, Naxi, Samei	18	^ d \u0290
^dʑ	dʑ	dʑi31, dʑi55	Biyo, Nusu, Baihong, Samei	11	^ d \u0291
^zz	zz	zzy, zza	Sichuan Yi	3	^ z z
